﻿SMC,Winner,Political Party A,Sample Count A,Final Result A,Final Votes A,Candidate A,Per Voter A,Amount Spend A,Political Party B,Sample Count B,Final Result B,Final Votes B,Candidate B,Per Voter B,Amount Spend B,Political Party C,Sample Count C,Final Result C,Final Votes C,Candidate C,Per Voter C,Amount Spend C
Bukit Batok,PAP,PAP,57%,54.80%,"15,476",Murali Pillai,2.78,"83,295",SDP,43%,45.20%,"12,764",Chee Soon Juan,0.98,"29,391",,,,,,,
Bukit Panjang,PAP,PAP,56%,53.74%,"18,070",Liang Eng Hwa,3.12,"110,510",SDP,44%,46.46%,"15,556",Paul Tambyah,0.83,"29,390",,,,,,,
Hong Kah North,PAP,PAP,63%,60.98%,"16,333",Amy Khor,2.89,"80,978",PSP,37%,39.02%,"10,452",Gigene Wong,1.3,"36,525",,,,,,,
Hougang,WP,PAP,42%,38.81%,"9,776",Lee Hong Chuang,1.22,"60,002",WP,58%,62.97%,"15,416",Dennis Tan,2.27,"32,154",,,,,,,
Kebun Baru,PAP,PAP,68%,62.97%,"13,284",Henry Kwek,2.41,"54,536",PSP,32%,37.03%,"7,812",Kumaran Pillai,1.44,"32,631",,,,,,,
MacPherson,PAP,PAP,73%,71.74%,"18,983",Tin Pei Ling,2.4,"68,391",PPP,27%,28.26%,"7,477",Goh Meng Seng,0.4,"11,350",,,,,,,
Marymount,PAP,PAP,54%,55.04%,"12,143",Gan Siow Huang,2.87,"67,304",PSP,46%,44.96%,"9,918",Ang Yong Guan,1.11,"25,996",,,,,,,
Mountbatten,PAP,PAP,75%,73.84%,"16,227",Lim Biow Chuan,2.95,"71,643",PV,25%,26.16%,"5,748",Sivakumaran Chellappa,0.32,"7,786",,,,,,,
Pioneer,PAP,PAP,66%,61.98%,"14,571",Patrick Tay,2.32,"57,260",PSP,32%,35.24%,"8,285",Lim Cher Hong,1.28,"25,037",IND,2%,2.78%,654,Cheang Peng Wah,1.02,31537
Potong Pasir,PAP,PAP,61%,60.69%,"11,232",Sitoh Yih Pin,3.21,"63,274",SPP,39%,39.31%,"7,275",Jose Raymond,1.17,"23,016",,,,,,,
Punggol West,PAP,PAP,65%,60.97%,"15,637",Sun Xueling,3.47,"92,312",WP,35%,39.03%,"10,012",Tan Chen Chen,1.1,"29,322",,,,,,,
Radin Mas,PAP,PAP,76%,74.03%,"16,834",Melvin Yong,2.49,"62,059",RP,24%,25.97%,"5,905",Kumar Appavoo,0.68,"16,942",,,,,,,
Yio Chu Kang,PAP,PAP,61%,60.83%,"14,756",Yip Hon Weng,1.73,"44,876",PSP,39%,39.17%,"9,500",Kayla Low,1.26,"32,841",,,,,,,
Yuhua,PAP,PAP,69%,70.54%,"14,111",Grace Fu,3.24,"69,185",SDP,31%,29.46%,"5,894",Robin Low,1.38,"29,388",,,,,,,