group,WP,RP,SPP,PSP,PAP,SDP,PV,RDU,SDA,NSP
Aljunied,1.33,0,0,0,2.66,0,0,0,0,0
Ang Mo Kio,0,0.16,0,0,2.44,0,0,0,0,0
Bishan-Toa Payoh,0,0,0.44,0,3.17,0,0,0,0,0
Chua Chu Kang,0,0,0,1.32,2.77,0,0,0,0,0
East Coast,1.27,0,0,0,2.58,0,0,0,0,0
Holland-Bukit Timah,0,0,0,0,2.77,1.02,0,0,0,0
Jalan Besar,0,0,0,0,2.51,0,0.2,0,0,0
Jurong,0,0,0,0,2.47,0,0,0.1,0,0
Marine Parade,1.12,0,0,0,2.9,0,0,0,0,0
Marsiling-Yew Tee,0,0,0,0,2.38,1,0,0,0,0
Nee Soon,0,0,0,1.19,2.86,0,0,0,0,0
Pasir Ris-Punggol,0,0,0,0,2.42,0,0.05,0,0.33,0
Sembawang,0,0,0,0,3.03,0,0,0,0,0.4
Sengkang,1.1,0,0,0,2.6,0,0,0,0,0
Tampines,0,0,0,0,2.09,0,0,0,0,0.38
Tanjong Pagar,0,0,0,1.2,2.68,0,0,0,0,0
West Coast,0,0,0,1.04,2.31,0,0,0,0,0