group,PAP,SDP,PSP,WP,PPP,PV,SPP,RP,IND
Bukit Batok,2.78,0.98,0,0,0,0,0,0,0
Bukit Panjang,3.12,0.83,0,0,0,0,0,0,0
Hong Kah North,2.89,0,1.30,0,0,0,0,0,0
Hougang,1.22,0,0,2.27,0,0,0,0,0
Kebun Baru,2.41,0,1.44,0,0,0,0,0,0
MacPherson,2.40,0,0,0,0.40,0,0,0,0
Marymount,2.87,0,1.11,0,0,0,0,0,0
Mountbatten,2.95,0,0,0,0,0.32,0,0,0
Pioneer,2.32,0,1.28,0,0,0,0,0,1.02
Potong Pasir,3.21,0,0,0,0,0,1.17,0,0
Punggol West,3.47,0,0,1.1,0,0,0,0,0
Radin Mas,2.49,0,0,0,0,0,0,0.68,0
Yio Chu Kang,1.73,0,0,1.26,0,0,0,0,0
Yuhua,3.24,1.38,0,0,0,0,0,0,0